{
  "name": [
    "tetrahemihexahedron"
  ],
  "number": [
    "137"
  ],
  "svertices": [
    "7"
  ],
  "net": [
    [
      16.0,
      3.0
    ],
    [
      3.0,
      3.0,
      5.0,
      6.0
    ],
    [
      3.0,
      0.0,
      2.0,
      3.0
    ],
    [
      3.0,
      3.0,
      2.0,
      5.0
    ],
    [
      3.0,
      5.0,
      2.0,
      1.0
    ],
    [
      3.0,
      9.0,
      5.0,
      4.0
    ],
    [
      3.0,
      11.0,
      7.0,
      9.0
    ],
    [
      3.0,
      9.0,
      7.0,
      5.0
    ],
    [
      3.0,
      5.0,
      7.0,
      6.0
    ],
    [
      3.0,
      16.0,
      13.0,
      12.0
    ],
    [
      3.0,
      17.0,
      15.0,
      16.0
    ],
    [
      3.0,
      16.0,
      15.0,
      13.0
    ],
    [
      3.0,
      13.0,
      15.0,
      14.0
    ],
    [
      3.0,
      9.0,
      13.0,
      11.0
    ],
    [
      3.0,
      8.0,
      10.0,
      9.0
    ],
    [
      3.0,
      9.0,
      10.0,
      13.0
    ],
    [
      3.0,
      13.0,
      10.0,
      12.0
    ]
  ],
  "solid": [
    [
      16.0,
      3.0
    ],
    [
      3.0,
      23.0,
      22.0,
      24.0
    ],
    [
      3.0,
      18.0,
      21.0,
      23.0
    ],
    [
      3.0,
      23.0,
      21.0,
      22.0
    ],
    [
      3.0,
      22.0,
      21.0,
      18.0
    ],
    [
      3.0,
      19.0,
      22.0,
      18.0
    ],
    [
      3.0,
      24.0,
      21.0,
      19.0
    ],
    [
      3.0,
      19.0,
      21.0,
      22.0
    ],
    [
      3.0,
      22.0,
      21.0,
      24.0
    ],
    [
      3.0,
      23.0,
      20.0,
      18.0
    ],
    [
      3.0,
      24.0,
      21.0,
      23.0
    ],
    [
      3.0,
      23.0,
      21.0,
      20.0
    ],
    [
      3.0,
      20.0,
      21.0,
      24.0
    ],
    [
      3.0,
      19.0,
      20.0,
      24.0
    ],
    [
      3.0,
      18.0,
      21.0,
      19.0
    ],
    [
      3.0,
      19.0,
      21.0,
      20.0
    ],
    [
      3.0,
      20.0,
      21.0,
      18.0
    ]
  ],
  "hinges": [
    [
      15.0
    ],
    [
      0.0,
      0.0,
      2.0,
      2.0,
      0.9553166181245093
    ],
    [
      2.0,
      0.0,
      1.0,
      1.0,
      -1.5707963267948966
    ],
    [
      3.0,
      0.0,
      2.0,
      1.0,
      -1.5707963267948966
    ],
    [
      4.0,
      0.0,
      6.0,
      2.0,
      0.9553166181245093
    ],
    [
      6.0,
      0.0,
      5.0,
      1.0,
      -1.5707963267948966
    ],
    [
      7.0,
      0.0,
      6.0,
      1.0,
      -1.5707963267948966
    ],
    [
      7.0,
      2.0,
      0.0,
      1.0,
      0.9553166181245093
    ],
    [
      8.0,
      0.0,
      10.0,
      2.0,
      0.9553166181245093
    ],
    [
      10.0,
      0.0,
      9.0,
      1.0,
      -1.5707963267948966
    ],
    [
      11.0,
      0.0,
      10.0,
      1.0,
      -1.5707963267948966
    ],
    [
      12.0,
      0.0,
      14.0,
      2.0,
      0.9553166181245093
    ],
    [
      14.0,
      0.0,
      13.0,
      1.0,
      -1.5707963267948966
    ],
    [
      15.0,
      0.0,
      14.0,
      1.0,
      -1.5707963267948966
    ],
    [
      15.0,
      2.0,
      8.0,
      1.0,
      0.9553166181245093
    ],
    [
      5.0,
      2.0,
      12.0,
      2.0,
      0.9553166181245093
    ]
  ],
  "vertices": [
    [
      25.0,
      18.0
    ],
    [
      -1.36602540378,
      -0.211324865405,
      0.0
    ],
    [
      -0.8660254037840001,
      -1.07735026919,
      0.0
    ],
    [
      -0.683012701892,
      -0.394337567297,
      0.0
    ],
    [
      -0.5,
      0.288675134595,
      0.0
    ],
    [
      -8.32667268469e-17,
      -1.57735026919,
      0.0
    ],
    [
      0.0,
      -0.57735026919,
      0.0
    ],
    [
      0.5,
      0.288675134595,
      0.0
    ],
    [
      0.683012701892,
      -0.394337567297,
      0.0
    ],
    [
      0.8660254037840001,
      -2.07735026919,
      0.0
    ],
    [
      0.8660254037840001,
      -1.07735026919,
      0.0
    ],
    [
      1.36602540378,
      -1.57735026919,
      0.0
    ],
    [
      1.36602540378,
      -0.211324865405,
      0.0
    ],
    [
      1.86602540378,
      -2.07735026919,
      0.0
    ],
    [
      1.86602540378,
      -1.07735026919,
      0.0
    ],
    [
      2.36602540378,
      -0.211324865405,
      0.0
    ],
    [
      2.54903810568,
      -0.894337567297,
      0.0
    ],
    [
      2.73205080757,
      -1.57735026919,
      0.0
    ],
    [
      3.23205080757,
      -0.7113248654050001,
      0.0
    ],
    [
      1.9940169358628588,
      -0.3556624326937152,
      1.84557863754038
    ],
    [
      2.1316414545285816,
      -0.9342770721130691,
      1.041672802936344
    ],
    [
      2.4880338717151993,
      1.9801197718531207e-12,
      1.0521988413179606
    ],
    [
      2.5557511543173783,
      -0.5657229278774136,
      1.4709731701758224
    ],
    [
      2.6234684369145995,
      -1.131445855755818,
      1.88974749902929
    ],
    [
      2.9798608541069638,
      -0.19716878363837495,
      1.9002735374132989
    ],
    [
      3.1174853727715126,
      -0.7757834230588674,
      1.096367702809116
    ]
  ],
  "EOF": []
}